Petra Dixon;800483517;risus@icloud.ca
Owen Salazar;800419823;quis@protonmail.couk
Lionel Mcneil;800757123;a.feugiat@outlook.com
Nomlanga Holmes;800575552;lorem.ac@protonmail.net
Doris Manning;800016274;malesuada.vel@icloud.edu
Dexter Finley;800442856;ut.cursus@yahoo.org
Chloe Austin;800278774;magna.nec@hotmail.couk
Declan Washington;800148482;neque.non@hotmail.couk
Francesca Preston;800365378;dictum.eu@hotmail.ca
Stephen Buckner;800616668;ac.eleifend.vitae@protonmail.net
Luke Salinas;800658415;ullamcorper.velit@google.net
Jesse Parrish;800744844;felis.nulla@protonmail.couk
Edan Crawford;800661375;dis@protonmail.ca
Baxter Schneider;800214241;vestibulum@protonmail.couk
Lyle Harrison;800711517;donec.egestas@outlook.com
Destiny Griffin;800675676;magna.duis@hotmail.org
Katell Haley;800424625;ultrices.a.auctor@outlook.com
Xaviera Sharpe;800288347;lorem.vitae@icloud.com
Imogene Maddox;800403835;dui.fusce@google.net
Elizabeth Sellers;800272274;gravida.molestie@google.net
Reese Petty;800545717;quis.lectus@aol.couk
Keith Head;800873692;penatibus.et@icloud.org
Beverly Maldonado;800348997;tortor@aol.com
Hu Nielsen;800628757;at.velit.cras@aol.com
Serena Thompson;800886346;nec@hotmail.net
Ivan Ortega;800575231;porttitor.interdum@google.couk
Candice Gilbert;800647815;nec.urna@aol.com
Frances Fernandez;800615595;amet.risus@aol.couk
Giselle Clarke;800804207;nunc.interdum@protonmail.couk
Glenna Tyson;800741114;proin.vel.nisl@yahoo.ca
Lara Ellis;800668268;augue.scelerisque@protonmail.edu
Jacqueline Huff;800463725;mattis.cras@protonmail.net
Jade Chang;800243323;volutpat@yahoo.edu
Rudyard Randolph;800587424;ligula.tortor.dictum@google.net
Brendan Glover;800528672;velit.justo.nec@yahoo.com
Coby Collins;800432864;purus@yahoo.ca
Genevieve Elliott;800155520;sit.amet.lorem@aol.couk
Idola Hoover;800345171;vel@aol.couk
Belle Stevens;800134112;enim.nunc.ut@protonmail.net
Scott Workman;800166670;egestas.blandit@yahoo.com
Shelley Lynn;800375506;quis@google.ca
Brielle Mcpherson;800652393;vehicula@aol.couk
Valentine Hooper;800425311;arcu@protonmail.ca
Cherokee Cook;800720125;eu@outlook.edu
Felix Delacruz;800619880;aliquet@protonmail.edu
Blake Fleming;800416452;eget@yahoo.edu
Maite Rocha;800326766;aliquet.molestie.tellus@yahoo.edu
Baker Simmons;800151610;vestibulum@google.org
Tatum Simon;800473807;vitae.erat.vel@aol.ca
Amos Chapman;800671815;nisl.arcu.iaculis@aol.couk
Charde Delaney;800566734;nullam.nisl@protonmail.couk
Isaac Espinoza;800120450;duis@aol.net
Imani Shelton;800637464;vestibulum.mauris@yahoo.edu
Jaquelyn Albert;800161442;in.consectetuer@outlook.net
Samson Greene;800041138;ac.fermentum@aol.ca
Melinda Juarez;800176513;a.sollicitudin.orci@outlook.com
Darrel Sutton;800453864;dui.nec@aol.ca
George Aguilar;800238767;a.felis@outlook.com
Lucas Lang;800713858;tellus.phasellus@icloud.net
Odysseus Tanner;800463248;sapien.molestie@aol.com
Amber Elliott;800631487;cursus.et@outlook.net
Keegan Atkins;800123385;bibendum.donec@outlook.ca
Amir Mcpherson;800821188;ut.pharetra@hotmail.com
Summer Chaney;800903504;ut.mi.duis@hotmail.couk
Josiah Good;800119032;commodo.ipsum.suspendisse@aol.ca
Rogan Clayton;800819975;est.nunc@google.org
Len Sharp;800667366;commodo@icloud.net
Lee Elliott;800678228;facilisis.non.bibendum@aol.org
Malachi Finch;800134348;augue.sed@icloud.com
Thaddeus Manning;800348059;risus@aol.ca
Paloma Love;800788123;eu.augue@hotmail.org
Curran Tillman;800341562;id@yahoo.couk
Jordan Blevins;800460674;dui@yahoo.couk
Alexander Jefferson;800226601;dictum@icloud.ca
Sybill Craig;800036722;ut.aliquam.iaculis@outlook.ca
Vincent Black;800365746;donec@aol.edu
Kevyn Zimmerman;800669612;integer.id@hotmail.com
Walker Gay;800068862;in.scelerisque@hotmail.edu
Wesley Bridges;800815157;ante.blandit@google.com
Marvin Bell;800934412;fringilla.mi@protonmail.net
Vernon Moran;800338525;tristique.pharetra.quisque@protonmail.couk
Fredericka Bruce;800659605;arcu.nunc@aol.edu
Rajah Wallace;800557307;metus.sit@google.com
Carissa Bonner;800199975;sapien@google.com
Halee Reese;800277251;tempus.mauris@google.ca
Alfonso Richardson;800866785;tellus.faucibus@icloud.couk
Claudia Mckinney;800781241;amet.consectetuer.adipiscing@google.ca
Aidan Mercer;800565633;aliquam.eros@hotmail.org
Thomas Ballard;800634374;donec.est.nunc@google.net
Dominic Gardner;800606869;ullamcorper.nisl@icloud.edu
Barry Mcfadden;800840574;et.commodo@yahoo.org
Quin Frederick;800234674;laoreet@yahoo.net
Felix Flowers;800818685;mauris.eu@icloud.couk
Susan Knox;800762517;ligula.aenean@icloud.com
Aladdin Bowers;800175416;ullamcorper.duis.at@hotmail.edu
Elton Gilliam;800584156;nec@protonmail.com
Adam Prince;800775133;lacus.nulla@google.ca
Nadine Gillespie;800157881;magna.ut@hotmail.net
Forrest White;800862734;mus@icloud.com
Ria Preston;800155572;class.aptent@outlook.net
